Identifier,StructureData,Polymer EntityData,,,,
Entity ID,Resolution (Ã…),Sequence,Auth Asym ID,Entity ID,Entry Id (Polymer Entity Identifiers),
"1AAP_1","1.5","VREVCSEQAETGPCRAMISRWYFDVTEGKCAPFFYGGCGGNRNNFDTEEYCMAVCGSA","A","1","1AAP"
,,,"B"
"1BUN_2","2.45","RKRHPDCDKPPDTKICQTVVRAFYYKPSAKRCVQFRYGGCNGNGNHFKSDHLCRCECLEYR","B","2","1BUN"
"1DTX_1","2.2","QPRRKLCILHRNPGRCYDKIPAFYYNQKKKQCERFDWSGCGGNSNRFKTIEECRRTCIG","A","1","1DTX"
"1FAK_4","2.1","APDFCLEPPYDGPCRALHLRYFYNAKAGLCQTFYYGGCLAKRNNFESAEDCMRTC","I","4","1FAK"
"1KTH_1","0.95","ETDICKLPKDEGTCRDFILKWYYDPNTKSCARFWYGGCGGNENKFGSQKECEKVCAPV","A","1","1KTH"
"1YC0_2","2.6","MKHQHQHQHQHQHQMHQTEDYCLASNKVGRCRGSFPRWYYDPTEQICKSFVYGGCLGNKNNYLREEECILACRGV","I","2","1YC0"
"1ZR0_2","1.802","PTGNNAEICLLPLDYGPCRALLLRYYYDRYTQSCRQFLYGGCEGNANNFYTWEACDDACWRIE","B","2","1ZR0"
,,,"D"
"3BYB_1","1.63","KDRPDFCELPADTGPCRVRFPSFYYNPDEKKCLEFIYGGCEGNANNFITKEECESTCAA","A","1","3BYB"
,,,"B"
,,,"C"
"3M7Q_2","1.7","EAEASICSEPKKVGRCKGYFPRFYFDSETGKCTPFIYGGCGGNGNNFETLHQCRAICRALG","B","2","3M7Q"
"4BQD_1","2.48","DSEEDEEHTIITDTELPPLKLMHSFCAFKADDGPCKAIMKRFFFNIFTRQCEEFIYGGCEGNQNRFESLEECKKMCTRD","A","1","4BQD"
,,,"B"
"4DTG_3","1.8","QEKPDFCFLEEDPGICRGYITRYFYNNQTKQCERFKYGGCLGNMNNFETLEECKNICEDGHHHHHH","K","3","4DTG"
"4ISO_2","2.01","QTEDYCLASNKVGRCRGSFPRWYYDPTEQICKSFVYGGCLGNKNNYLREEECILACRGVQ","B","2","4ISO"
"4NTW_2","2.07","QIRPAFCYEDPPFFQKCGAFVDSYYFNRSRITCVHFFYGQCDVNQNHFTTMSECNRVCHG","B","2","4NTW"
"4U30_2","2.5","TVAACANLPIVRGPCRAFIQLWAFDAVKGKCVLFPYGGCQGNGNKFYSEKECREYCGVP","X","2","4U30"
,,,"Y"
,,,"Z"
,,,"W"
"4U32_1","1.65","IHDFCLVSKVVGRCRASMPRWWYNVTDGSCQLFVYGGCDGNSNNYLTKEECLKKC","X","1","4U32"
"5M4V_1","1.06","RPSFCNLPVKPGPCKAFFSAFYYSQKTNKCHSFTYGGCKGNANRFSTLEKCRRTCVG","A","1","5M4V"
"5NX1_3","1.853","AMISRWYFDVTEGKCAPFFYGGCGGNRNNFDTEEYCMAVCGSAIPRHHHHHHAAAN","D","3","5NX1"
"5PTI_1","1","RPDFCLEPPYTGPCKARIIRYFYNAKAGLCQTFVYGGCRAKRNNFKSAEDCMRTCGGA","A","1","5PTI"
"5YV7_1","2.395","WQPPWYCKEPVRIGSCKKQFSSFYFKWTAKKCLPFLFSGCGGNANRFQTIGECRKKCLGK","A","1","5YV7"
"6Q61_1","1.3","KDRPSLCDLPADSGSGTKAEKRIYYNSARKQCLRFDYTGQGGNENNFRRTYDCARTCLYTA","A","1","6Q61"
"6YHY_1","1.55","DRPSYCNLPADSGSGTKSEQRIYYNSARKQCLTFTYNGQGGNENNFRRTYDCRRTCQYP","A","1","6YHY"
,,,"B"
